sample_name	filename
placeholder	placeholder
2019-01-28-inj-213.mzML	2019-01-28-inj-213.mzML
2019-01-21-inj-135.mzML	2019-01-21-inj-135.mzML
2019-01-21-inj-162.mzML	2019-01-21-inj-162.mzML
2019-02-13-inj-235.mzML	2019-02-13-inj-235.mzML
2019-01-28-inj-207.mzML	2019-01-28-inj-207.mzML
2019-02-10-inj-221.mzML	2019-02-10-inj-221.mzML
2019-01-21-inj-146.mzML	2019-01-21-inj-146.mzML
2019-01-21-inj-124.mzML	2019-01-21-inj-124.mzML
2019-01-28-inj-206.mzML	2019-01-28-inj-206.mzML
2019-01-21-inj-120.mzML	2019-01-21-inj-120.mzML
2019-01-23-inj-198.mzML	2019-01-23-inj-198.mzML
2019-01-13-inj-4.mzML	2019-01-13-inj-4.mzML
2019-01-15-inj-70.mzML	2019-01-15-inj-70.mzML
2019-02-10-inj-222.mzML	2019-02-10-inj-222.mzML
2019-01-17-inj-104.mzML	2019-01-17-inj-104.mzML
2019-01-16-inj-83.mzML	2019-01-16-inj-83.mzML
2019-01-14-inj-31.mzML	2019-01-14-inj-31.mzML
2019-02-13-inj-236.mzML	2019-02-13-inj-236.mzML
2019-02-13-inj-237.mzML	2019-02-13-inj-237.mzML
2019-01-14-inj-42.mzML	2019-01-14-inj-42.mzML
2019-01-23-inj-181.mzML	2019-01-23-inj-181.mzML
2019-02-10-inj-227.mzML	2019-02-10-inj-227.mzML
2019-01-17-inj-94.mzML	2019-01-17-inj-94.mzML
2019-01-15-inj-58.mzML	2019-01-15-inj-58.mzML
2019-01-13-inj-5.mzML	2019-01-13-inj-5.mzML
2019-01-23-inj-185.mzML	2019-01-23-inj-185.mzML
2019-02-10-inj-223.mzML	2019-02-10-inj-223.mzML
2019-01-21-inj-122.mzML	2019-01-21-inj-122.mzML
2019-01-13-inj-1.mzML	2019-01-13-inj-1.mzML
2019-01-21-inj-148.mzML	2019-01-21-inj-148.mzML
2019-01-14-inj-29.mzML	2019-01-14-inj-29.mzML
2019-01-16-inj-81.mzML	2019-01-16-inj-81.mzML
2019-01-28-inj-203.mzML	2019-01-28-inj-203.mzML
2019-01-23-inj-183.mzML	2019-01-23-inj-183.mzML
2019-02-10-inj-220.mzML	2019-02-10-inj-220.mzML
2019-01-15-inj-56.mzML	2019-01-15-inj-56.mzML
2019-02-13-inj-234.mzML	2019-02-13-inj-234.mzML
2019-01-13-inj-7.mzML	2019-01-13-inj-7.mzML
2019-01-13-inj-24.mzML	2019-01-13-inj-24.mzML
2019-01-13-inj-15.mzML	2019-01-13-inj-15.mzML
2019-01-15-inj-72.mzML	2019-01-15-inj-72.mzML
2019-01-21-inj-143.mzML	2019-01-21-inj-143.mzML
2019-01-14-inj-45.mzML	2019-01-14-inj-45.mzML
2019-01-21-inj-139.mzML	2019-01-21-inj-139.mzML
2019-01-21-inj-125.mzML	2019-01-21-inj-125.mzML
2019-01-13-inj-11.mzML	2019-01-13-inj-11.mzML
2019-01-15-inj-76.mzML	2019-01-15-inj-76.mzML
2019-02-10-inj-225.mzML	2019-02-10-inj-225.mzML
2019-01-13-inj-20.mzML	2019-01-13-inj-20.mzML
2019-01-14-inj-41.mzML	2019-01-14-inj-41.mzML
2019-01-15-inj-62.mzML	2019-01-15-inj-62.mzML
2019-01-14-inj-37.mzML	2019-01-14-inj-37.mzML
2019-01-21-inj-131.mzML	2019-01-21-inj-131.mzML
2019-01-17-inj-103.mzML	2019-01-17-inj-103.mzML
2019-01-21-inj-129.mzML	2019-01-21-inj-129.mzML
2019-01-16-inj-85.mzML	2019-01-16-inj-85.mzML
2019-01-15-inj-66.mzML	2019-01-15-inj-66.mzML
2019-01-14-inj-49.mzML	2019-01-14-inj-49.mzML
2019-01-17-inj-107.mzML	2019-01-17-inj-107.mzML
2019-01-13-inj-19.mzML	2019-01-13-inj-19.mzML
2019-01-14-inj-51.mzML	2019-01-14-inj-51.mzML
2019-01-14-inj-36.mzML	2019-01-14-inj-36.mzML
2019-01-15-inj-63.mzML	2019-01-15-inj-63.mzML
2019-01-21-inj-130.mzML	2019-01-21-inj-130.mzML
2019-01-14-inj-54.mzML	2019-01-14-inj-54.mzML
2019-01-16-inj-84.mzML	2019-01-16-inj-84.mzML
2019-01-21-inj-128.mzML	2019-01-21-inj-128.mzML
2019-01-17-inj-102.mzML	2019-01-17-inj-102.mzML
2019-01-14-inj-32.mzML	2019-01-14-inj-32.mzML
2019-01-15-inj-67.mzML	2019-01-15-inj-67.mzML
2019-01-21-inj-134.mzML	2019-01-21-inj-134.mzML
2019-01-14-inj-48.mzML	2019-01-14-inj-48.mzML
2019-01-13-inj-18.mzML	2019-01-13-inj-18.mzML
2019-01-17-inj-106.mzML	2019-01-17-inj-106.mzML
2019-01-28-inj-212.mzML	2019-01-28-inj-212.mzML
2019-01-13-inj-6.mzML	2019-01-13-inj-6.mzML
2019-01-13-inj-25.mzML	2019-01-13-inj-25.mzML
2019-01-13-inj-14.mzML	2019-01-13-inj-14.mzML
2019-01-15-inj-73.mzML	2019-01-15-inj-73.mzML
2019-01-21-inj-142.mzML	2019-01-21-inj-142.mzML
2019-01-14-inj-44.mzML	2019-01-14-inj-44.mzML
2019-01-21-inj-138.mzML	2019-01-21-inj-138.mzML
2019-01-17-inj-112.mzML	2019-01-17-inj-112.mzML
2019-01-16-inj-88.mzML	2019-01-16-inj-88.mzML
2019-01-13-inj-10.mzML	2019-01-13-inj-10.mzML
2019-01-15-inj-77.mzML	2019-01-15-inj-77.mzML
2019-01-13-inj-21.mzML	2019-01-13-inj-21.mzML
2019-02-13-inj-238.mzML	2019-02-13-inj-238.mzML
2019-01-21-inj-132.mzML	2019-01-21-inj-132.mzML
2019-01-15-inj-61.mzML	2019-01-15-inj-61.mzML
2019-01-14-inj-34.mzML	2019-01-14-inj-34.mzML
2019-01-15-inj-79.mzML	2019-01-15-inj-79.mzML
2019-01-17-inj-100.mzML	2019-01-17-inj-100.mzML
2019-01-16-inj-86.mzML	2019-01-16-inj-86.mzML
2019-01-21-inj-136.mzML	2019-01-21-inj-136.mzML
2019-01-15-inj-65.mzML	2019-01-15-inj-65.mzML
2019-01-28-inj-210.mzML	2019-01-28-inj-210.mzML
2019-01-13-inj-8.mzML	2019-01-13-inj-8.mzML
2019-01-13-inj-27.mzML	2019-01-13-inj-27.mzML
2019-01-15-inj-71.mzML	2019-01-15-inj-71.mzML
2019-01-13-inj-16.mzML	2019-01-13-inj-16.mzML
2019-01-17-inj-108.mzML	2019-01-17-inj-108.mzML
2019-01-21-inj-140.mzML	2019-01-21-inj-140.mzML
2019-01-15-inj-69.mzML	2019-01-15-inj-69.mzML
2019-01-15-inj-75.mzML	2019-01-15-inj-75.mzML
2019-01-13-inj-12.mzML	2019-01-13-inj-12.mzML
2019-01-21-inj-126.mzML	2019-01-21-inj-126.mzML
2019-01-13-inj-23.mzML	2019-01-13-inj-23.mzML
2019-02-10-inj-226.mzML	2019-02-10-inj-226.mzML
2019-01-23-inj-171.mzML	2019-01-23-inj-171.mzML
2019-01-17-inj-114.mzML	2019-01-17-inj-114.mzML
2019-01-14-inj-38.mzML	2019-01-14-inj-38.mzML
2019-01-21-inj-144.mzML	2019-01-21-inj-144.mzML
2019-01-13-inj-26.mzML	2019-01-13-inj-26.mzML
2019-01-17-inj-109.mzML	2019-01-17-inj-109.mzML
2019-01-15-inj-59.mzML	2019-01-15-inj-59.mzML
2019-01-14-inj-47.mzML	2019-01-14-inj-47.mzML
2019-01-17-inj-111.mzML	2019-01-17-inj-111.mzML
2019-01-15-inj-68.mzML	2019-01-15-inj-68.mzML
2019-01-15-inj-74.mzML	2019-01-15-inj-74.mzML
2019-01-17-inj-95.mzML	2019-01-17-inj-95.mzML
2019-01-13-inj-13.mzML	2019-01-13-inj-13.mzML
2019-01-13-inj-22.mzML	2019-01-13-inj-22.mzML
2019-01-23-inj-170.mzML	2019-01-23-inj-170.mzML
2019-01-14-inj-43.mzML	2019-01-14-inj-43.mzML
2019-01-21-inj-145.mzML	2019-01-21-inj-145.mzML
2019-01-21-inj-133.mzML	2019-01-21-inj-133.mzML
2019-01-14-inj-35.mzML	2019-01-14-inj-35.mzML
2019-01-15-inj-60.mzML	2019-01-15-inj-60.mzML
2019-01-15-inj-78.mzML	2019-01-15-inj-78.mzML
2019-01-16-inj-87.mzML	2019-01-16-inj-87.mzML
2019-01-21-inj-137.mzML	2019-01-21-inj-137.mzML
2019-01-15-inj-64.mzML	2019-01-15-inj-64.mzML
2019-01-28-inj-209.mzML	2019-01-28-inj-209.mzML
2019-01-17-inj-105.mzML	2019-01-17-inj-105.mzML
2019-01-28-inj-211.mzML	2019-01-28-inj-211.mzML
2019-01-14-inj-53.mzML	2019-01-14-inj-53.mzML
2019-01-13-inj-9.mzML	2019-01-13-inj-9.mzML
2019-01-21-inj-150.mzML	2019-01-21-inj-150.mzML
2019-01-23-inj-194.mzML	2019-01-23-inj-194.mzML
2019-01-21-inj-161.mzML	2019-01-21-inj-161.mzML
2019-01-23-inj-188.mzML	2019-01-23-inj-188.mzML
2019-01-21-inj-165.mzML	2019-01-21-inj-165.mzML
2019-01-23-inj-179.mzML	2019-01-23-inj-179.mzML
2019-01-21-inj-154.mzML	2019-01-21-inj-154.mzML
2019-01-23-inj-190.mzML	2019-01-23-inj-190.mzML
2019-01-23-inj-175.mzML	2019-01-23-inj-175.mzML
2019-01-21-inj-158.mzML	2019-01-21-inj-158.mzML
2019-01-23-inj-180.mzML	2019-01-23-inj-180.mzML
2019-01-23-inj-174.mzML	2019-01-23-inj-174.mzML
2019-01-21-inj-159.mzML	2019-01-21-inj-159.mzML
2019-01-23-inj-195.mzML	2019-01-23-inj-195.mzML
2019-01-21-inj-151.mzML	2019-01-21-inj-151.mzML
2019-01-21-inj-160.mzML	2019-01-21-inj-160.mzML
2019-01-23-inj-189.mzML	2019-01-23-inj-189.mzML
2019-01-21-inj-164.mzML	2019-01-21-inj-164.mzML
2019-01-23-inj-178.mzML	2019-01-23-inj-178.mzML
2019-01-23-inj-191.mzML	2019-01-23-inj-191.mzML
2019-01-21-inj-155.mzML	2019-01-21-inj-155.mzML
2019-01-23-inj-176.mzML	2019-01-23-inj-176.mzML
2019-01-23-inj-187.mzML	2019-01-23-inj-187.mzML
2019-01-23-inj-172.mzML	2019-01-23-inj-172.mzML
2019-01-21-inj-153.mzML	2019-01-21-inj-153.mzML
2019-01-23-inj-197.mzML	2019-01-23-inj-197.mzML
2019-01-21-inj-157.mzML	2019-01-21-inj-157.mzML
2019-01-23-inj-193.mzML	2019-01-23-inj-193.mzML
2019-01-23-inj-196.mzML	2019-01-23-inj-196.mzML
2019-01-21-inj-152.mzML	2019-01-21-inj-152.mzML
2019-01-21-inj-163.mzML	2019-01-21-inj-163.mzML
2019-01-23-inj-192.mzML	2019-01-23-inj-192.mzML
2019-01-21-inj-156.mzML	2019-01-21-inj-156.mzML
2019-01-23-inj-177.mzML	2019-01-23-inj-177.mzML
2019-01-23-inj-186.mzML	2019-01-23-inj-186.mzML
2019-01-23-inj-173.mzML	2019-01-23-inj-173.mzML
